﻿<?xml version="1.0" encoding="UTF-8"?>
<problemInfo>
<limit memory="67108864" output="1048576" time="2000" />
<validator id="0" argument="" file=""/>
<corrector id="0" file="corrector.cpp" />
<tests samplesCount="0">
	<test description="Test 01" input="01" output="01.ans" />
	<test description="Test 02" input="02" output="02.ans" />
	<test description="Test 03" input="03" output="03.ans" />
	<test description="Test 04" input="04" output="04.ans" />
	<test description="Test 05" input="05" output="05.ans" />
	<test description="Test 06" input="06" output="06.ans" />
	<test description="Test 07" input="07" output="07.ans" />
	<test description="Test 08" input="08" output="08.ans" />
	<test description="Test 09" input="09" output="09.ans" />
	<test description="Test 10" input="10" output="10.ans" />
	<test description="Test 11" input="11" output="11.ans" />
	<test description="Test 12" input="12" output="12.ans" />
	<test description="Test 13" input="13" output="13.ans" />
	<test description="Test 14" input="14" output="14.ans" />
	<test description="Test 15" input="15" output="15.ans" />
	<test description="Test 16" input="16" output="16.ans" />
	<test description="Test 17" input="17" output="17.ans" />
	<test description="Test 18" input="18" output="18.ans" />
	<test description="Test 19" input="19" output="19.ans" />
	<test description="Test 20" input="20" output="20.ans" />
	<test description="Test 21" input="21" output="21.ans" />
	<test description="Test 22" input="22" output="22.ans" />
	<test description="Test 23" input="23" output="23.ans" />
	<test description="Test 24" input="24" output="24.ans" />
	<test description="Test 25" input="25" output="25.ans" />
	<test description="Test 26" input="26" output="26.ans" />
	<test description="Test 27" input="27" output="27.ans" />
	<test description="Test 28" input="28" output="28.ans" />
	<test description="Test 29" input="29" output="29.ans" />
	<test description="Test 30" input="30" output="30.ans" />
	<test description="Test 31" input="31" output="31.ans" />
	<test description="Test 32" input="32" output="32.ans" />
	<test description="Test 33" input="33" output="33.ans" />
	<test description="Test 34" input="34" output="34.ans" />
	<test description="Test 35" input="35" output="35.ans" />
	<test description="Test 36" input="36" output="36.ans" />
</tests>
<solutions>
	<solution description="elevator_dd.cpp" file="solution1.cpp" langId="10"/>
	<solution description="elevator_dd.java" file="solution2.java" langId="7"/>
	<solution description="elevator_as.java" file="solution3.java" langId="7"/>
	<solution description="elevator_da.cpp" file="solution4.cpp" langId="10"/>
	<solution description="elevator_di.cpp" file="solution5.cpp" langId="10"/>
</solutions>
</problemInfo>
